{"cameraMode":{"drawMode":0,"name":"Shaded","section":"Shading Mode"},"sceneLighting":true,"audioPlay":false,"sceneViewState":{"m_AlwaysRefresh":false,"showFog":true,"showSkybox":true,"showFlares":true,"showImageEffects":true,"showParticleSystems":true,"showVisualEffectGraphs":true,"m_FxEnabled":true},"in2DMode":false,"pivot":{"x":-107.20040893554688,"y":-125.63125610351563,"z":-194.58416748046876},"rotation":{"x":0.08137652277946472,"y":-0.9185742139816284,"z":0.23898397386074067,"w":0.30664005875587466},"size":148.8939666748047,"orthographic":false}