{"cameraMode":{"drawMode":0,"name":"Shaded","section":"Shading Mode"},"sceneLighting":true,"audioPlay":false,"sceneViewState":{"m_AlwaysRefresh":false,"showFog":true,"showSkybox":true,"showFlares":true,"showImageEffects":true,"showParticleSystems":true,"showVisualEffectGraphs":true,"m_FxEnabled":true},"in2DMode":false,"pivot":{"x":1045.5970458984375,"y":471.7731628417969,"z":244.7899169921875},"rotation":{"x":0.03475474193692207,"y":0.05275445431470871,"z":-0.0018305103294551373,"w":0.9980161786079407},"size":787.731201171875,"orthographic":false}