{"cameraMode":{"drawMode":0,"name":"Shaded","section":"Shading Mode"},"sceneLighting":true,"audioPlay":false,"sceneViewState":{"m_AlwaysRefresh":false,"showFog":true,"showSkybox":true,"showFlares":true,"showImageEffects":true,"showParticleSystems":true,"showVisualEffectGraphs":true,"m_FxEnabled":true},"in2DMode":false,"pivot":{"x":1086.880615234375,"y":479.7349853515625,"z":643.7066040039063},"rotation":{"x":0.009234917350113392,"y":0.12596940994262696,"z":-0.0011763578513637186,"w":0.9919998645782471},"size":1500.9935302734375,"orthographic":false}