{"cameraMode":{"drawMode":0,"name":"Shaded","section":"Shading Mode"},"sceneLighting":true,"audioPlay":false,"sceneViewState":{"m_AlwaysRefresh":false,"showFog":true,"showSkybox":true,"showFlares":true,"showImageEffects":true,"showParticleSystems":true,"showVisualEffectGraphs":true,"m_FxEnabled":true},"in2DMode":false,"pivot":{"x":-5.827606678009033,"y":1.594462275505066,"z":12.241984367370606},"rotation":{"x":0.016228649765253068,"y":0.22252075374126435,"z":0.004377810750156641,"w":-0.9750778675079346},"size":6.292701244354248,"orthographic":false}