{"cameraMode":{"drawMode":0,"name":"Shaded","section":"Shading Mode"},"sceneLighting":true,"audioPlay":false,"sceneViewState":{"m_AlwaysRefresh":false,"showFog":true,"showSkybox":true,"showFlares":true,"showImageEffects":true,"showParticleSystems":true,"showVisualEffectGraphs":true,"m_FxEnabled":true},"in2DMode":false,"pivot":{"x":1637.0665283203125,"y":659.5932006835938,"z":505.14703369140627},"rotation":{"x":0.02428644895553589,"y":-0.04166675731539726,"z":0.0010094188619405032,"w":0.9988449215888977},"size":1118.4002685546875,"orthographic":false}