{"cameraMode":{"drawMode":0,"name":"Shaded","section":"Shading Mode"},"sceneLighting":true,"audioPlay":false,"sceneViewState":{"m_AlwaysRefresh":false,"showFog":true,"showSkybox":true,"showFlares":true,"showImageEffects":true,"showParticleSystems":true,"showVisualEffectGraphs":true,"m_FxEnabled":true},"in2DMode":false,"pivot":{"x":1529.9041748046875,"y":720.8305053710938,"z":1850.905029296875},"rotation":{"x":-0.010803574696183205,"y":-0.03389425575733185,"z":0.00036591896787285805,"w":-0.9993706941604614},"size":2057.141845703125,"orthographic":false}