{"cameraMode":{"drawMode":0,"name":"Shaded","section":"Shading Mode"},"sceneLighting":true,"audioPlay":false,"sceneViewState":{"m_AlwaysRefresh":false,"showFog":true,"showSkybox":true,"showFlares":true,"showImageEffects":true,"showParticleSystems":true,"showVisualEffectGraphs":true,"m_FxEnabled":true},"in2DMode":false,"pivot":{"x":196.41546630859376,"y":53.62593078613281,"z":71.75164031982422},"rotation":{"x":-0.2901047170162201,"y":-0.09397733211517334,"z":0.028639335185289384,"w":-0.9519400000572205},"size":231.32760620117188,"orthographic":false}