{"cameraMode":{"drawMode":0,"name":"Shaded","section":"Shading Mode"},"sceneLighting":true,"audioPlay":false,"sceneViewState":{"m_AlwaysRefresh":false,"showFog":true,"showSkybox":true,"showFlares":true,"showImageEffects":true,"showParticleSystems":true,"showVisualEffectGraphs":true,"m_FxEnabled":true},"in2DMode":false,"pivot":{"x":-3.750967025756836,"y":-20.382715225219728,"z":10.065974235534668},"rotation":{"x":0.29011592268943789,"y":0.32765254378318789,"z":-0.10685088485479355,"w":0.8934799432754517},"size":49.446022033691409,"orthographic":false}