{"cameraMode":{"drawMode":0,"name":"Shaded","section":"Shading Mode"},"sceneLighting":true,"audioPlay":false,"sceneViewState":{"m_AlwaysRefresh":false,"showFog":true,"showSkybox":true,"showFlares":true,"showImageEffects":true,"showParticleSystems":true,"showVisualEffectGraphs":true,"m_FxEnabled":true},"in2DMode":false,"pivot":{"x":774.479736328125,"y":393.01568603515627,"z":191.846435546875},"rotation":{"x":0.04079701378941536,"y":-0.008682691492140293,"z":0.00036091665970161557,"w":0.9991439580917358},"size":767.4949340820313,"orthographic":false}