{"cameraMode":{"drawMode":0,"name":"Shaded","section":"Shading Mode"},"sceneLighting":true,"audioPlay":false,"sceneViewState":{"m_AlwaysRefresh":false,"showFog":true,"showSkybox":true,"showFlares":true,"showImageEffects":true,"showParticleSystems":true,"showVisualEffectGraphs":true,"m_FxEnabled":true},"in2DMode":false,"pivot":{"x":-12.474211692810059,"y":-200.53224182128907,"z":111.06163787841797},"rotation":{"x":0.5108986496925354,"y":-0.057386867702007297,"z":0.03305855765938759,"w":0.8579816222190857},"size":118.8948974609375,"orthographic":false}